FID,NOMBRE,CATEGORIA,COMUNA,Manzanas,Personas,Hombres,Mujeres,Edad0a9,Edad10a19,Edad20a29,Edad30a39,Edad40a49,Edad50a59,Edad60a69,Edad70a79,Edad80omas,Viviendas,Hogares,HogaresDes,EstratoN1,EstratoN2,EstratoN3,EstratoN4,EstratoN5,EstratoN6
0,1 DE MAYO,BARRIO,COMUNA 05,6.0,828.0,412.0,416.0,127.0,122.0,150.0,132.0,101.0,93.0,52.0,38.0,13.0,229.0,233.0,9.0,1.0,193.0,18.0,0.0,0.0,0.0
1,13 DE JUNIO,BARRIO,COMUNA 01,5.0,331.0,160.0,171.0,52.0,42.0,65.0,49.0,48.0,39.0,26.0,6.0,4.0,114.0,93.0,4.0,30.0,60.0,0.0,2.0,0.0,0.0
2,20 DE JULIO,BARRIO,COMUNA 08,1.0,343.0,154.0,189.0,46.0,63.0,56.0,50.0,48.0,35.0,22.0,19.0,4.0,87.0,103.0,1.0,53.0,25.0,3.0,3.0,0.0,0.0
3,23 DE JUNIO,BARRIO,COMUNA 04,16.0,1656.0,809.0,847.0,216.0,231.0,314.0,241.0,190.0,201.0,158.0,62.0,43.0,458.0,490.0,22.0,8.0,348.0,58.0,1.0,0.0,0.0
4,5 DE ENERO,A. URBANO,COMUNA 04,10.0,330.0,167.0,163.0,77.0,74.0,51.0,52.0,36.0,21.0,11.0,3.0,5.0,107.0,96.0,4.0,68.0,0.0,0.0,0.0,0.0,0.0
5,AFRICA,BARRIO,COMUNA 08,12.0,991.0,485.0,506.0,130.0,152.0,188.0,160.0,136.0,91.0,65.0,57.0,12.0,287.0,348.0,10.0,224.0,46.0,3.0,1.0,0.0,0.0
6,ALARCON,BARRIO,COMUNA 03,23.0,2726.0,1265.0,1461.0,317.0,295.0,502.0,546.0,370.0,340.0,187.0,111.0,58.0,1288.0,1059.0,286.0,4.0,8.0,174.0,793.0,0.0,1.0
7,ALBANIA,BARRIO,COMUNA 14,5.0,1440.0,667.0,773.0,183.0,194.0,241.0,183.0,206.0,190.0,119.0,77.0,47.0,458.0,452.0,10.0,123.0,297.0,12.0,2.0,1.0,0.0
8,ALFONSO LOPEZ,BARRIO,COMUNA 05,38.0,7059.0,3409.0,3650.0,836.0,934.0,1400.0,1128.0,878.0,910.0,554.0,263.0,156.0,2411.0,2514.0,175.0,156.0,352.0,1580.0,37.0,6.0,2.0
9,ALTOS DEL CACIQUE,BARRIO,COMUNA 16,13.0,667.0,327.0,340.0,82.0,110.0,132.0,100.0,94.0,81.0,50.0,12.0,6.0,221.0,185.0,23.0,1.0,18.0,156.0,0.0,0.0,0.0
10,ALTOS DEL JARDIN,BARRIO,COMUNA 12,5.0,150.0,70.0,80.0,14.0,22.0,12.0,16.0,27.0,19.0,16.0,16.0,8.0,48.0,44.0,2.0,0.0,0.0,0.0,44.0,0.0,0.0
11,ALTOS DEL KENNEDY,BARRIO,COMUNA 01,6.0,427.0,199.0,228.0,61.0,70.0,88.0,56.0,48.0,59.0,26.0,15.0,4.0,129.0,143.0,2.0,35.0,82.0,0.0,0.0,0.0,0.0
12,ALTOS DEL LAGO,BARRIO,COMUNA 16,11.0,950.0,440.0,510.0,86.0,144.0,141.0,117.0,148.0,147.0,106.0,38.0,23.0,340.0,293.0,20.0,1.0,2.0,34.0,102.0,5.0,145.0
13,ALTOS DEL PROGRESO,BARRIO,COMUNA 01,17.0,959.0,484.0,475.0,177.0,169.0,196.0,141.0,115.0,97.0,37.0,20.0,7.0,306.0,309.0,24.0,257.0,4.0,2.0,1.0,0.0,0.0
14,ALVAREZ LAS AMERICAS,BARRIO,COMUNA 13,47.0,5452.0,2460.0,2992.0,495.0,688.0,817.0,800.0,701.0,817.0,526.0,361.0,247.0,1888.0,1938.0,142.0,3.0,13.0,764.0,937.0,2.0,4.0
15,ANTIGUA COLOMBIA,BARRIO,COMUNA 08,6.0,404.0,202.0,202.0,63.0,60.0,77.0,53.0,53.0,48.0,29.0,10.0,11.0,99.0,118.0,0.0,86.0,11.0,0.0,0.0,0.0,0.0
16,ANTONIA SANTOS CENTRO,BARRIO,COMUNA 13,39.0,11535.0,5246.0,6289.0,1209.0,1352.0,2046.0,2088.0,1608.0,1493.0,955.0,486.0,298.0,4914.0,4431.0,551.0,18.0,22.0,974.0,3179.0,11.0,5.0
17,ANTONIA SANTOS SUR,BARRIO,COMUNA 09,7.0,649.0,305.0,344.0,58.0,64.0,117.0,80.0,74.0,108.0,80.0,38.0,30.0,222.0,209.0,11.0,0.0,26.0,153.0,5.0,0.0,0.0
18,ASTURIAS,BARRIO,COMUNA 09,9.0,860.0,387.0,473.0,81.0,92.0,134.0,135.0,120.0,120.0,98.0,55.0,25.0,277.0,258.0,22.0,0.0,1.0,26.0,222.0,0.0,1.0
19,ASOPOFAVI,A. RURAL, ,16.0,867.0,443.0,424.0,161.0,165.0,167.0,115.0,110.0,81.0,32.0,27.0,9.0,313.0,246.0,67.0,230.0,1.0,0.0,5.0,0.0,0.0
20,BALCON DEL LAGO,BARRIO,COMUNA 16,3.0,208.0,112.0,96.0,33.0,45.0,49.0,32.0,29.0,15.0,1.0,2.0,2.0,68.0,59.0,10.0,4.0,52.0,0.0,0.0,0.0,0.0
21,BALCONCITOS,BARRIO,COMUNA 07,7.0,661.0,294.0,367.0,66.0,94.0,140.0,89.0,82.0,100.0,60.0,16.0,14.0,196.0,227.0,5.0,2.0,174.0,6.0,8.0,0.0,0.0
22,BALCONES DEL KENEDY,BARRIO,COMUNA 01,18.0,1078.0,527.0,551.0,200.0,184.0,206.0,161.0,151.0,92.0,52.0,24.0,8.0,369.0,325.0,43.0,177.0,114.0,1.0,1.0,0.0,0.0
23,BALCONES DEL SUR,BARRIO,COMUNA 11,9.0,565.0,290.0,275.0,110.0,100.0,141.0,76.0,76.0,37.0,20.0,3.0,2.0,208.0,163.0,24.0,146.0,1.0,4.0,1.0,0.0,0.0
24,BETANIA,BARRIO,COMUNA 01,17.0,1344.0,672.0,672.0,178.0,180.0,295.0,196.0,168.0,203.0,89.0,22.0,13.0,405.0,402.0,24.0,91.0,256.0,3.0,0.0,0.0,0.0
25,BOLARQUI,BARRIO,COMUNA 12,20.0,2688.0,1198.0,1490.0,211.0,275.0,375.0,418.0,366.0,418.0,342.0,164.0,119.0,1227.0,1061.0,120.0,4.0,6.0,18.0,504.0,332.0,180.0
26,BOLIVAR,BARRIO,COMUNA 13,28.0,3810.0,1754.0,2056.0,373.0,390.0,607.0,641.0,503.0,566.0,388.0,209.0,133.0,1760.0,1543.0,213.0,8.0,7.0,106.0,1361.0,4.0,5.0
27,BOSCONIA,BARRIO,COMUNA 02,5.0,157.0,82.0,75.0,17.0,26.0,32.0,13.0,31.0,20.0,7.0,8.0,3.0,55.0,47.0,3.0,24.0,20.0,0.0,0.0,0.0,0.0
28,BOSQUE NORTE,BARRIO,COMUNA 02,17.0,987.0,475.0,512.0,173.0,198.0,179.0,187.0,79.0,80.0,64.0,19.0,8.0,367.0,294.0,14.0,279.0,5.0,1.0,1.0,0.0,0.0
29,BOSQUES DEL CACIQUE,BARRIO,COMUNA 16,5.0,310.0,134.0,176.0,49.0,55.0,53.0,57.0,39.0,31.0,19.0,6.0,1.0,109.0,95.0,9.0,0.0,83.0,9.0,0.0,0.0,0.0
30,BRISAS DE PROVENZA,BARRIO,COMUNA 10,25.0,1683.0,815.0,868.0,327.0,297.0,387.0,252.0,213.0,122.0,45.0,29.0,11.0,515.0,489.0,34.0,404.0,16.0,5.0,1.0,0.0,0.0
31,BRISAS DEL MUTIS,BARRIO,COMUNA 17,19.0,3328.0,1561.0,1767.0,405.0,527.0,664.0,466.0,474.0,433.0,216.0,93.0,50.0,1015.0,1001.0,68.0,0.0,20.0,893.0,4.0,0.0,1.0
32,BRISAS DEL PALMAR,BARRIO,COMUNA 11,2.0,334.0,160.0,174.0,60.0,52.0,67.0,56.0,34.0,42.0,13.0,6.0,4.0,119.0,93.0,12.0,39.0,53.0,0.0,0.0,0.0,0.0
33,BRISAS DEL PARAISO,BARRIO,COMUNA 11,9.0,830.0,407.0,423.0,132.0,154.0,176.0,138.0,102.0,83.0,25.0,15.0,5.0,345.0,249.0,53.0,218.0,23.0,4.0,0.0,0.0,0.0
34,BUCARAMANGA,BARRIO,COMUNA 08,29.0,4288.0,2081.0,2207.0,636.0,689.0,759.0,605.0,572.0,499.0,251.0,169.0,108.0,1232.0,1296.0,87.0,26.0,1045.0,22.0,4.0,1.0,0.0
35,BUENAVISTA,BARRIO,COMUNA 14,2.0,109.0,57.0,52.0,17.0,19.0,13.0,28.0,12.0,7.0,8.0,5.0,0.0,32.0,31.0,0.0,29.0,1.0,0.0,0.0,0.0,0.0
36,BUENOS AIRES,BARRIO,COMUNA 14,48.0,4725.0,2260.0,2465.0,850.0,778.0,943.0,751.0,525.0,439.0,248.0,116.0,75.0,1524.0,1435.0,100.0,1278.0,36.0,16.0,14.0,1.0,0.0
37,BARRIO NUEVO,A. URBANO,COMUNA 01,1.0,80.0,43.0,37.0,14.0,13.0,12.0,13.0,14.0,7.0,2.0,3.0,2.0,17.0,22.0,3.0,12.0,1.0,0.0,0.0,0.0,0.0
38,BONANZA CAMPESTRE,A. RURAL,COMUNA 01,14.0,457.0,229.0,228.0,83.0,79.0,90.0,93.0,61.0,28.0,14.0,5.0,4.0,180.0,166.0,21.0,144.0,2.0,0.0,1.0,0.0,0.0
39,BRISAS DE SURATR,A. URBANO,COMUNA 01,2.0,129.0,63.0,66.0,21.0,21.0,31.0,13.0,17.0,14.0,5.0,5.0,2.0,44.0,42.0,5.0,34.0,0.0,0.0,0.0,0.0,0.0
40,BUENAVISTA,A. RURAL,COMUNA 14,13.0,742.0,371.0,371.0,127.0,100.0,146.0,116.0,78.0,91.0,39.0,36.0,9.0,219.0,219.0,9.0,196.0,6.0,1.0,1.0,0.0,0.0
41,CABECERA DEL LLANO,BARRIO,COMUNA 12,84.0,12071.0,5271.0,6800.0,838.0,958.0,1427.0,1463.0,1482.0,1925.0,1950.0,1271.0,757.0,5638.0,4863.0,630.0,8.0,11.0,20.0,49.0,208.0,4487.0
42,CAFE MADRID,BARRIO,COMUNA 01,86.0,7688.0,3801.0,3887.0,1430.0,1527.0,1549.0,1084.0,886.0,611.0,362.0,177.0,62.0,2286.0,2399.0,116.0,1897.0,111.0,4.0,6.0,1.0,0.0
43,CAMPESTRE,BARRIO,COMUNA 12,11.0,714.0,291.0,423.0,35.0,51.0,114.0,81.0,72.0,122.0,100.0,71.0,68.0,347.0,270.0,56.0,1.0,1.0,4.0,7.0,121.0,132.0
44,CAMPESTRE NORTE,BARRIO,COMUNA 01,14.0,656.0,317.0,339.0,131.0,133.0,125.0,117.0,59.0,46.0,26.0,14.0,5.0,240.0,211.0,33.0,179.0,5.0,1.0,1.0,0.0,0.0
45,CAMPO HERMOSO,BARRIO,COMUNA 05,63.0,10173.0,4816.0,5357.0,1393.0,1476.0,1845.0,1471.0,1350.0,1247.0,716.0,426.0,249.0,3066.0,3114.0,274.0,26.0,928.0,1745.0,1.0,0.0,3.0
46,CANDADO,BARRIO,COMUNA 11,3.0,341.0,155.0,186.0,40.0,43.0,61.0,64.0,35.0,51.0,25.0,17.0,5.0,111.0,99.0,11.0,4.0,10.0,79.0,0.0,1.0,0.0
47,CANDILES,BARRIO,COMUNA 06,4.0,1192.0,556.0,636.0,152.0,139.0,197.0,182.0,136.0,169.0,99.0,70.0,48.0,333.0,355.0,22.0,3.0,4.0,291.0,1.0,0.0,0.0
48,CANELOS,BARRIO,COMUNA 08,22.0,1702.0,783.0,919.0,195.0,214.0,292.0,237.0,233.0,207.0,168.0,103.0,53.0,480.0,521.0,21.0,6.0,430.0,16.0,0.0,0.0,0.0
49,CENTRO,BARRIO,COMUNA 15,73.0,3561.0,1699.0,1862.0,413.0,419.0,686.0,664.0,454.0,456.0,289.0,123.0,57.0,1689.0,1381.0,312.0,15.0,35.0,1042.0,216.0,0.0,2.0
50,CHAPINERO,BARRIO,COMUNA 03,24.0,2265.0,1138.0,1127.0,322.0,289.0,478.0,445.0,273.0,232.0,133.0,73.0,20.0,815.0,785.0,131.0,20.0,261.0,363.0,8.0,0.0,0.0
51,CHARTA,BARRIO,COMUNA 05,5.0,410.0,185.0,225.0,73.0,60.0,64.0,69.0,36.0,47.0,35.0,16.0,10.0,118.0,122.0,6.0,2.0,92.0,4.0,0.0,0.0,0.0
52,CHORRERAS DE DON JUAN,BARRIO,COMUNA 05,26.0,2650.0,1259.0,1391.0,264.0,360.0,451.0,372.0,374.0,373.0,244.0,134.0,78.0,877.0,876.0,65.0,39.0,146.0,567.0,2.0,0.0,0.0
53,CIUDAD VENECIA,BARRIO,COMUNA 11,14.0,1049.0,482.0,567.0,111.0,144.0,184.0,161.0,125.0,146.0,107.0,43.0,28.0,322.0,312.0,19.0,0.0,7.0,274.0,0.0,1.0,1.0
54,CLAVERIANO,BARRIO,COMUNA 01,22.0,1353.0,648.0,705.0,253.0,270.0,288.0,204.0,131.0,114.0,57.0,23.0,13.0,412.0,414.0,44.0,334.0,5.0,0.0,0.0,0.0,0.0
55,COLORADOS,BARRIO,COMUNA 01,53.0,4047.0,1929.0,2118.0,692.0,636.0,835.0,599.0,508.0,362.0,224.0,130.0,61.0,1310.0,1322.0,116.0,1095.0,20.0,10.0,2.0,0.0,1.0
56,COLSEGUROS NORTE,BARRIO,COMUNA 01,1.0,1263.0,579.0,684.0,184.0,214.0,234.0,170.0,181.0,146.0,85.0,32.0,17.0,462.0,355.0,23.0,9.0,319.0,2.0,1.0,0.0,0.0
57,COMUNEROS,BARRIO,COMUNA 03,54.0,9139.0,4358.0,4781.0,1062.0,1320.0,1946.0,1411.0,1152.0,1033.0,625.0,384.0,206.0,3852.0,3324.0,394.0,44.0,691.0,2082.0,31.0,1.0,1.0
58,CONDADO DE GIBRALTAR,BARRIO,COMUNA 11,8.0,427.0,202.0,225.0,40.0,71.0,64.0,45.0,62.0,70.0,37.0,26.0,12.0,141.0,130.0,7.0,0.0,0.0,105.0,23.0,0.0,0.0
59,CONQUISTADORES,BARRIO,COMUNA 11,6.0,1356.0,641.0,715.0,198.0,247.0,304.0,203.0,203.0,119.0,47.0,23.0,12.0,435.0,400.0,42.0,6.0,341.0,19.0,1.0,0.0,0.0
60,CONUCOS,BARRIO,COMUNA 12,2.0,1321.0,529.0,792.0,92.0,123.0,176.0,109.0,163.0,177.0,183.0,169.0,129.0,514.0,485.0,24.0,1.0,1.0,14.0,458.0,5.0,1.0
61,CORDONCILLO I,BARRIO,COMUNA 08,3.0,306.0,151.0,155.0,44.0,54.0,63.0,41.0,38.0,33.0,12.0,15.0,6.0,88.0,101.0,1.0,66.0,11.0,1.0,0.0,0.0,0.0
62,CORDONCILLO II,BARRIO,COMUNA 08,15.0,1772.0,863.0,909.0,202.0,272.0,353.0,235.0,213.0,246.0,122.0,76.0,53.0,463.0,608.0,16.0,285.0,103.0,21.0,31.0,1.0,0.0
63,CRISTAL BAJO,BARRIO,COMUNA 10,36.0,1975.0,965.0,1010.0,371.0,332.0,420.0,306.0,207.0,200.0,77.0,45.0,17.0,591.0,563.0,66.0,509.0,7.0,0.0,0.0,0.0,0.0
64,CAMILO TORRES,A. URBANO,COMUNA 04,9.0,560.0,250.0,310.0,104.0,126.0,115.0,95.0,50.0,41.0,17.0,10.0,2.0,165.0,161.0,8.0,118.0,2.0,0.0,0.0,0.0,0.0
65,CAMINOS DE PAZ I,A. URBANO,COMUNA 01,3.0,108.0,53.0,55.0,23.0,23.0,18.0,14.0,11.0,7.0,7.0,4.0,1.0,49.0,38.0,2.0,34.0,0.0,0.0,0.0,0.0,0.0
66,CAMINOS DE PAZ II,A. URBANO,COMUNA 01,1.0,14.0,7.0,7.0,1.0,5.0,0.0,3.0,3.0,2.0,0.0,0.0,0.0,5.0,6.0,0.0,3.0,1.0,0.0,0.0,0.0,0.0
67,CARLOS PIZARRO,A. URBANO,COMUNA 04,2.0,113.0,57.0,56.0,24.0,26.0,20.0,15.0,13.0,7.0,6.0,1.0,1.0,44.0,34.0,4.0,28.0,0.0,0.0,0.0,0.0,0.0
68,CERVUNI0N,A. URBANO,COMUNA 01,9.0,192.0,84.0,108.0,50.0,31.0,37.0,25.0,18.0,17.0,8.0,5.0,1.0,71.0,52.0,4.0,51.0,0.0,0.0,0.0,0.0,0.0
69,CHITOTA,A. RURAL,COMUNA 02,12.0,204.0,107.0,97.0,26.0,42.0,32.0,32.0,34.0,17.0,14.0,5.0,2.0,98.0,71.0,15.0,47.0,11.0,1.0,0.0,2.0,0.0
70,CUYANITA,A. URBANO,COMUNA 04,10.0,413.0,215.0,198.0,77.0,100.0,83.0,63.0,35.0,32.0,14.0,7.0,2.0,159.0,121.0,19.0,90.0,2.0,1.0,0.0,0.0,0.0
71,DANGOND,BARRIO,COMUNA 11,11.0,1623.0,781.0,842.0,175.0,222.0,285.0,241.0,223.0,185.0,184.0,74.0,34.0,465.0,460.0,15.0,14.0,226.0,202.0,2.0,1.0,0.0
72,DELICIAS,BARRIO,COMUNA 11,8.0,1332.0,622.0,710.0,175.0,184.0,218.0,238.0,191.0,157.0,104.0,49.0,16.0,595.0,436.0,113.0,2.0,14.0,404.0,3.0,0.0,0.0
73,DELICIAS BAJAS,BARRIO,COMUNA 11,3.0,117.0,50.0,67.0,14.0,19.0,12.0,20.0,12.0,13.0,15.0,8.0,4.0,42.0,39.0,7.0,15.0,16.0,2.0,0.0,0.0,0.0
74,DIAMANTE I,BARRIO,COMUNA 09,9.0,1364.0,642.0,722.0,120.0,181.0,223.0,184.0,194.0,184.0,115.0,99.0,64.0,421.0,401.0,22.0,1.0,5.0,353.0,8.0,1.0,0.0
75,DIAMANTE II,BARRIO,COMUNA 10,60.0,8656.0,3906.0,4750.0,794.0,916.0,1266.0,1228.0,1146.0,1208.0,952.0,702.0,444.0,3118.0,2902.0,233.0,8.0,11.0,307.0,2461.0,1.0,1.0
76,DON BOSCO,BARRIO,COMUNA 04,7.0,788.0,392.0,396.0,105.0,110.0,146.0,102.0,106.0,95.0,53.0,44.0,27.0,250.0,235.0,3.0,6.0,184.0,3.0,0.0,0.0,0.0
77,DIVINO NI,A. URBANO,COMUNA 04,6.0,339.0,168.0,171.0,54.0,71.0,63.0,47.0,51.0,26.0,16.0,10.0,1.0,135.0,96.0,7.0,86.0,2.0,1.0,0.0,0.0,0.0
78,DIVINO NI,A. URBANO,COMUNA 01,9.0,266.0,131.0,135.0,41.0,43.0,63.0,43.0,28.0,31.0,11.0,5.0,1.0,92.0,84.0,8.0,77.0,0.0,0.0,0.0,0.0,0.0
79,DIVINO NI,A. URBANO,COMUNA 01,1.0,38.0,21.0,17.0,6.0,5.0,6.0,5.0,5.0,8.0,3.0,0.0,0.0,11.0,12.0,0.0,10.0,0.0,0.0,0.0,0.0,0.0
80,EL CINAL,BARRIO,COMUNA 04,7.0,337.0,170.0,167.0,51.0,53.0,62.0,57.0,41.0,31.0,21.0,10.0,11.0,99.0,93.0,2.0,76.0,4.0,3.0,1.0,2.0,0.0
81,EL CRISTAL,BARRIO,COMUNA 10,18.0,1544.0,734.0,810.0,239.0,286.0,289.0,250.0,169.0,176.0,81.0,35.0,19.0,431.0,435.0,20.0,396.0,5.0,1.0,0.0,0.0,0.0
82,EL DIVISO,BARRIO,COMUNA 14,18.0,1740.0,803.0,937.0,309.0,279.0,371.0,247.0,194.0,152.0,102.0,60.0,26.0,624.0,545.0,33.0,491.0,40.0,0.0,0.0,0.0,0.0
83,EL JARDIN,BARRIO,COMUNA 12,10.0,184.0,87.0,97.0,15.0,25.0,22.0,20.0,22.0,26.0,24.0,20.0,10.0,85.0,59.0,20.0,0.0,0.0,0.0,54.0,1.0,0.0
84,EL PABL1N,BARRIO,COMUNA 01,12.0,440.0,218.0,222.0,65.0,72.0,93.0,72.0,55.0,36.0,19.0,22.0,6.0,164.0,160.0,15.0,131.0,7.0,1.0,4.0,0.0,1.0
85,EL PLAN,BARRIO,COMUNA 02,14.0,536.0,259.0,277.0,79.0,97.0,94.0,88.0,65.0,52.0,34.0,21.0,6.0,165.0,153.0,7.0,47.0,101.0,0.0,0.0,0.0,0.0
86,EL PORVENIR,BARRIO,COMUNA 11,62.0,6510.0,3111.0,3399.0,863.0,866.0,1292.0,979.0,884.0,811.0,480.0,246.0,89.0,2176.0,2014.0,150.0,4.0,38.0,1823.0,2.0,0.0,1.0
87,EL PRADO,BARRIO,COMUNA 13,27.0,4788.0,2075.0,2713.0,344.0,422.0,698.0,712.0,578.0,718.0,632.0,420.0,264.0,2253.0,2009.0,225.0,4.0,5.0,116.0,989.0,760.0,90.0
88,EL ROCIO,BARRIO,COMUNA 11,14.0,1983.0,864.0,1119.0,227.0,274.0,349.0,303.0,237.0,283.0,192.0,78.0,40.0,684.0,644.0,37.0,1.0,3.0,611.0,0.0,0.0,0.0
89,EL ROSAL,BARRIO,COMUNA 01,17.0,938.0,448.0,490.0,157.0,166.0,184.0,114.0,130.0,91.0,51.0,30.0,15.0,329.0,322.0,14.0,269.0,3.0,0.0,0.0,0.0,0.0
90,EL TEJAR,BARRIO,COMUNA 16,31.0,8959.0,4073.0,4886.0,918.0,1225.0,1367.0,1191.0,1328.0,1360.0,923.0,461.0,186.0,3589.0,3016.0,570.0,4.0,66.0,174.0,1473.0,1188.0,16.0
91,ESPERANZA I,BARRIO,COMUNA 02,16.0,750.0,348.0,402.0,112.0,132.0,143.0,113.0,88.0,64.0,49.0,36.0,13.0,223.0,222.0,6.0,62.0,137.0,1.0,0.0,0.0,0.0
92,ESPERANZA II,BARRIO,COMUNA 02,30.0,1819.0,873.0,946.0,309.0,303.0,325.0,259.0,229.0,147.0,127.0,91.0,29.0,578.0,532.0,29.0,94.0,407.0,3.0,0.0,0.0,0.0
93,ESPERANZA III,BARRIO,COMUNA 02,30.0,1276.0,638.0,638.0,218.0,223.0,223.0,206.0,151.0,96.0,94.0,45.0,20.0,383.0,356.0,19.0,107.0,230.0,3.0,0.0,1.0,0.0
94,ESTORAQUES,BARRIO,COMUNA 17,34.0,6104.0,2993.0,3111.0,984.0,1000.0,1151.0,1034.0,660.0,666.0,363.0,174.0,72.0,1775.0,1830.0,151.0,13.0,1386.0,171.0,1.0,0.0,0.0
95,EL FONCE,A. URBANO,COMUNA 08,2.0,62.0,28.0,34.0,16.0,5.0,22.0,8.0,0.0,6.0,4.0,0.0,1.0,14.0,18.0,0.0,10.0,1.0,0.0,0.0,0.0,0.0
96,FONTANA,BARRIO,COMUNA 10,27.0,3397.0,1536.0,1861.0,369.0,476.0,456.0,561.0,441.0,466.0,332.0,209.0,87.0,1210.0,1077.0,88.0,1.0,2.0,243.0,799.0,1.0,0.0
97,GAITAN,BARRIO,COMUNA 04,51.0,4580.0,2274.0,2306.0,584.0,674.0,758.0,643.0,580.0,617.0,357.0,237.0,130.0,1347.0,1566.0,77.0,171.0,330.0,634.0,7.0,2.0,0.0
98,GALAN,BARRIO,COMUNA 13,4.0,520.0,240.0,280.0,53.0,86.0,90.0,98.0,70.0,48.0,44.0,19.0,12.0,195.0,196.0,13.0,2.0,3.0,63.0,95.0,0.0,0.0
99,GARCIA ROVIRA,BARRIO,COMUNA 04,56.0,2957.0,1478.0,1479.0,324.0,380.0,571.0,516.0,417.0,351.0,233.0,106.0,59.0,1325.0,1174.0,163.0,39.0,56.0,972.0,34.0,4.0,3.0
100,GIRARDOT,BARRIO,COMUNA 04,44.0,7450.0,3623.0,3827.0,1049.0,1115.0,1356.0,1236.0,947.0,828.0,468.0,281.0,170.0,2665.0,2409.0,254.0,113.0,954.0,1010.0,8.0,0.0,1.0
101,GOMEZ NI4O,BARRIO,COMUNA 06,11.0,913.0,416.0,497.0,89.0,114.0,167.0,154.0,76.0,148.0,84.0,53.0,28.0,315.0,347.0,27.0,1.0,7.0,252.0,18.0,0.0,0.0
102,GRANADA,BARRIO,COMUNA 04,66.0,1500.0,755.0,745.0,201.0,202.0,304.0,229.0,183.0,166.0,126.0,62.0,27.0,668.0,583.0,127.0,25.0,137.0,326.0,13.0,3.0,1.0
103,GRANJAS DE JULIO RINCON,BARRIO,COMUNA 11,2.0,360.0,165.0,195.0,58.0,65.0,69.0,47.0,50.0,46.0,8.0,10.0,7.0,105.0,102.0,8.0,86.0,7.0,1.0,0.0,0.0,0.0
104,GRANJAS DE PROVENZA,BARRIO,COMUNA 10,34.0,3824.0,1836.0,1988.0,609.0,529.0,750.0,807.0,469.0,352.0,175.0,93.0,40.0,1437.0,1282.0,145.0,286.0,55.0,59.0,817.0,0.0,0.0
105,GRANJAS REGAN,BARRIO,COMUNA 11,8.0,639.0,315.0,324.0,136.0,106.0,127.0,105.0,68.0,47.0,33.0,11.0,6.0,237.0,197.0,24.0,111.0,51.0,0.0,0.0,0.0,0.0
106,GALLINERAL,A. URBANO,COMUNA 04,3.0,399.0,189.0,210.0,89.0,77.0,66.0,74.0,39.0,26.0,19.0,5.0,4.0,177.0,127.0,6.0,110.0,3.0,0.0,0.0,0.0,0.0
107,GRANJITAS BARRIO NORTE,A. RURAL,COMUNA 02,4.0,117.0,50.0,67.0,23.0,28.0,19.0,15.0,13.0,10.0,3.0,4.0,2.0,33.0,25.0,1.0,25.0,0.0,0.0,0.0,0.0,0.0
108,HACIENDA SAN JUAN,BARRIO,COMUNA 16,13.0,1230.0,569.0,661.0,148.0,186.0,214.0,212.0,178.0,150.0,75.0,45.0,22.0,424.0,381.0,23.0,0.0,0.0,357.0,1.0,1.0,2.0
109,IGSABELAR,BARRIO,COMUNA 11,2.0,422.0,208.0,214.0,61.0,65.0,81.0,64.0,64.0,41.0,25.0,11.0,10.0,133.0,116.0,16.0,1.0,110.0,0.0,0.0,0.0,0.0
110,JARDINES DE COAVICONSA,BARRIO,COMUNA 11,22.0,5030.0,2320.0,2710.0,620.0,688.0,866.0,877.0,705.0,660.0,370.0,173.0,71.0,1824.0,1589.0,157.0,6.0,15.0,1463.0,36.0,1.0,1.0
111,JUAN XXIII,BARRIO,COMUNA 08,12.0,751.0,383.0,368.0,123.0,127.0,151.0,125.0,84.0,70.0,36.0,27.0,8.0,216.0,221.0,11.0,192.0,3.0,1.0,0.0,0.0,0.0
112,JOSU ANTONIO GALIN,A. URBANO,COMUNA 04,21.0,1732.0,877.0,855.0,387.0,287.0,398.0,283.0,150.0,103.0,76.0,31.0,17.0,593.0,537.0,23.0,417.0,5.0,2.0,0.0,0.0,0.0
113,KENNEDY,BARRIO,COMUNA 01,39.0,4669.0,2188.0,2481.0,589.0,642.0,805.0,685.0,604.0,592.0,382.0,220.0,150.0,1297.0,1505.0,102.0,93.0,1001.0,60.0,5.0,0.0,0.0
114,LA AURORA,BARRIO,COMUNA 13,22.0,2258.0,986.0,1272.0,196.0,221.0,376.0,325.0,256.0,343.0,288.0,166.0,87.0,1059.0,902.0,128.0,4.0,3.0,17.0,828.0,0.0,1.0
115,LA CEIBA,BARRIO,COMUNA 06,23.0,2645.0,1224.0,1421.0,277.0,350.0,448.0,432.0,347.0,351.0,215.0,136.0,89.0,962.0,959.0,79.0,1.0,4.0,55.0,800.0,0.0,0.0
116,LA CONCORDIA,BARRIO,COMUNA 06,77.0,7300.0,3332.0,3968.0,767.0,844.0,1365.0,1058.0,931.0,1029.0,655.0,378.0,273.0,2791.0,2575.0,411.0,13.0,25.0,1231.0,973.0,4.0,2.0
117,LA ESTRELLA,BARRIO,COMUNA 05,7.0,885.0,407.0,478.0,111.0,129.0,170.0,125.0,107.0,112.0,65.0,40.0,26.0,246.0,241.0,15.0,5.0,185.0,34.0,0.0,0.0,0.0
118,LA FERIA,BARRIO,COMUNA 04,36.0,2093.0,1022.0,1071.0,283.0,356.0,404.0,292.0,318.0,267.0,95.0,57.0,21.0,703.0,668.0,28.0,156.0,387.0,6.0,1.0,0.0,0.0
119,LA FLORESTA,BARRIO,COMUNA 12,17.0,2475.0,1131.0,1344.0,211.0,238.0,350.0,340.0,327.0,414.0,341.0,155.0,99.0,1139.0,943.0,127.0,0.0,3.0,2.0,132.0,770.0,8.0
120,LA GLORIA,BARRIO,COMUNA 04,10.0,621.0,310.0,311.0,105.0,110.0,117.0,94.0,71.0,54.0,38.0,21.0,11.0,155.0,180.0,4.0,123.0,3.0,4.0,1.0,0.0,0.0
121,LA GRAN LADERA,BARRIO,COMUNA 17,19.0,1273.0,583.0,690.0,240.0,199.0,276.0,238.0,145.0,114.0,38.0,14.0,9.0,494.0,393.0,71.0,1.0,2.0,376.0,0.0,0.0,0.0
122,LA INDEPENDENCIA,BARRIO,COMUNA 02,37.0,3260.0,1580.0,1680.0,534.0,570.0,657.0,436.0,371.0,329.0,193.0,109.0,61.0,1026.0,929.0,36.0,657.0,141.0,5.0,5.0,0.0,0.0
123,LA JOYA,BARRIO,COMUNA 05,36.0,5464.0,2608.0,2856.0,604.0,757.0,880.0,762.0,653.0,836.0,533.0,256.0,183.0,1561.0,1645.0,108.0,29.0,26.0,1339.0,5.0,0.0,1.0
124,LA JUVENTUD,BARRIO,COMUNA 02,42.0,1318.0,627.0,691.0,183.0,212.0,224.0,197.0,168.0,142.0,94.0,55.0,43.0,427.0,390.0,14.0,247.0,120.0,3.0,0.0,0.0,0.0
125,LA LIBERTAD,BARRIO,COMUNA 09,7.0,575.0,286.0,289.0,47.0,76.0,107.0,62.0,74.0,97.0,57.0,32.0,23.0,178.0,170.0,9.0,2.0,25.0,122.0,0.0,0.0,0.0
126,LA PEDREGOSA,BARRIO,COMUNA 09,4.0,495.0,246.0,249.0,60.0,77.0,88.0,68.0,69.0,65.0,43.0,15.0,10.0,161.0,150.0,12.0,0.0,70.0,60.0,0.0,0.0,0.0
127,LA SALLE,BARRIO,COMUNA 09,10.0,796.0,352.0,444.0,72.0,78.0,109.0,104.0,111.0,132.0,97.0,46.0,47.0,289.0,256.0,41.0,0.0,0.0,3.0,242.0,0.0,0.0
128,LA VICTORIA,BARRIO,COMUNA 06,37.0,5103.0,2334.0,2769.0,511.0,664.0,724.0,692.0,648.0,793.0,499.0,326.0,246.0,1723.0,1695.0,161.0,10.0,3.0,93.0,1407.0,0.0,1.0
129,LAGOS DEL CACIQUE,BARRIO,COMUNA 16,34.0,3890.0,1766.0,2124.0,309.0,469.0,624.0,384.0,469.0,731.0,545.0,241.0,118.0,1322.0,1222.0,65.0,3.0,7.0,11.0,608.0,69.0,490.0
130,LAS CASITAS,BARRIO,COMUNA 09,4.0,214.0,106.0,108.0,33.0,27.0,44.0,23.0,28.0,24.0,14.0,14.0,7.0,63.0,64.0,1.0,0.0,48.0,7.0,0.0,0.0,0.0
131,LAS HAMACAS,BARRIO,COMUNA 01,9.0,726.0,372.0,354.0,118.0,134.0,125.0,131.0,89.0,70.0,36.0,19.0,4.0,205.0,223.0,9.0,177.0,11.0,1.0,0.0,0.0,0.0
132,LIMONCITO I,BARRIO,COMUNA 14,5.0,594.0,300.0,294.0,93.0,88.0,141.0,84.0,59.0,54.0,46.0,20.0,9.0,233.0,203.0,10.0,188.0,2.0,2.0,0.0,0.0,0.0
133,LIZCANO I,BARRIO,COMUNA 02,1.0,102.0,53.0,49.0,12.0,12.0,20.0,13.0,9.0,13.0,9.0,7.0,7.0,35.0,32.0,1.0,5.0,26.0,0.0,0.0,0.0,0.0
134,LIZCANO II,BARRIO,COMUNA 02,2.0,112.0,55.0,57.0,18.0,21.0,19.0,24.0,14.0,5.0,7.0,2.0,2.0,52.0,36.0,4.0,31.0,5.0,0.0,0.0,0.0,0.0
135,LOS ANGELES,BARRIO,COMUNA 02,17.0,856.0,414.0,442.0,124.0,135.0,143.0,126.0,108.0,94.0,67.0,39.0,20.0,339.0,282.0,11.0,51.0,229.0,0.0,1.0,0.0,0.0
136,LOS CEDROS,BARRIO,COMUNA 12,2.0,85.0,35.0,50.0,7.0,17.0,4.0,6.0,18.0,16.0,9.0,8.0,0.0,29.0,28.0,1.0,0.0,0.0,0.0,0.0,7.0,20.0
137,LOS GUAYACANES,BARRIO,COMUNA 16,1.0,141.0,67.0,74.0,24.0,25.0,22.0,23.0,26.0,11.0,5.0,4.0,1.0,35.0,35.0,1.0,2.0,27.0,4.0,0.0,0.0,0.0
138,LOS HEROES,BARRIO,COMUNA 17,10.0,1309.0,610.0,699.0,159.0,173.0,237.0,199.0,171.0,159.0,124.0,58.0,29.0,401.0,416.0,17.0,0.0,3.0,369.0,2.0,0.0,0.0
139,LOS PINOS,BARRIO,COMUNA 13,19.0,2732.0,1229.0,1503.0,208.0,318.0,336.0,334.0,380.0,390.0,393.0,235.0,138.0,1057.0,964.0,43.0,5.0,4.0,20.0,879.0,23.0,1.0
140,LOS SAUCES,BARRIO,COMUNA 13,2.0,383.0,173.0,210.0,45.0,66.0,73.0,57.0,54.0,35.0,28.0,18.0,7.0,123.0,123.0,5.0,64.0,25.0,0.0,24.0,0.0,0.0
141,LA GUACAMAYA,A. URBANO,COMUNA 08,3.0,251.0,129.0,122.0,47.0,56.0,45.0,50.0,22.0,20.0,7.0,2.0,2.0,80.0,79.0,7.0,67.0,3.0,1.0,0.0,0.0,0.0
142,LA MALA0A,A. RURAL,COMUNA 14,10.0,142.0,67.0,75.0,22.0,21.0,20.0,17.0,24.0,15.0,10.0,9.0,4.0,45.0,46.0,5.0,32.0,7.0,0.0,0.0,0.0,0.0
143,LAS DELICIAS,A. URBANO,COMUNA 01,4.0,111.0,53.0,58.0,16.0,23.0,21.0,10.0,14.0,11.0,6.0,8.0,2.0,33.0,32.0,4.0,27.0,0.0,0.0,0.0,0.0,0.0
144,LAURELES I,A. URBANO,COMUNA 08,6.0,149.0,75.0,74.0,23.0,25.0,33.0,23.0,21.0,9.0,10.0,3.0,2.0,44.0,40.0,5.0,35.0,3.0,0.0,0.0,0.0,0.0
145,LOS ANAYA,A. RURAL,COMUNA 12,2.0,100.0,51.0,49.0,8.0,7.0,21.0,12.0,16.0,9.0,14.0,13.0,0.0,39.0,34.0,3.0,0.0,31.0,0.0,0.0,0.0,0.0
146,LOS CUADROS,A. RURAL,COMUNA 02,2.0,190.0,91.0,99.0,40.0,31.0,34.0,32.0,21.0,23.0,4.0,4.0,1.0,77.0,57.0,4.0,49.0,0.0,0.0,0.0,0.0,0.0
147,LUZ DE ESPERANZA,A. URBANO,COMUNA 01,3.0,89.0,38.0,51.0,24.0,14.0,15.0,13.0,8.0,13.0,1.0,0.0,1.0,25.0,25.0,1.0,19.0,0.0,0.0,0.0,0.0,0.0
148,LUZ DE SALVACIZN I,A. URBANO,COMUNA 10,34.0,1809.0,919.0,890.0,352.0,328.0,385.0,285.0,213.0,143.0,64.0,23.0,16.0,615.0,512.0,88.0,451.0,8.0,1.0,0.0,0.0,0.0
149,LUZ DE SALVACIZN II,A. URBANO,COMUNA 10,37.0,901.0,437.0,464.0,172.0,165.0,185.0,142.0,95.0,89.0,30.0,17.0,6.0,391.0,280.0,63.0,246.0,4.0,1.0,0.0,0.0,0.0
150,MALPASO,BARRIO,COMUNA 11,3.0,401.0,184.0,217.0,49.0,56.0,79.0,46.0,52.0,55.0,37.0,19.0,8.0,128.0,124.0,10.0,13.0,80.0,11.0,0.0,0.0,0.0
151,MANUELA BELTRAN,BARRIO,COMUNA 11,34.0,3893.0,1857.0,2036.0,522.0,583.0,750.0,662.0,463.0,439.0,289.0,131.0,54.0,1230.0,1186.0,71.0,7.0,1065.0,21.0,0.0,0.0,0.0
152,MANZANARES,BARRIO,COMUNA 17,13.0,1027.0,490.0,537.0,128.0,144.0,195.0,147.0,108.0,156.0,74.0,51.0,24.0,282.0,296.0,6.0,0.0,2.0,264.0,0.0,0.0,0.0
153,MARIA PAZ,BARRIO,COMUNA 01,36.0,3752.0,1801.0,1951.0,662.0,662.0,764.0,576.0,439.0,341.0,162.0,100.0,46.0,1123.0,1169.0,84.0,941.0,43.0,0.0,0.0,0.0,0.0
154,MEJORAS PUBLICAS,BARRIO,COMUNA 13,39.0,8319.0,3672.0,4647.0,662.0,815.0,1354.0,1335.0,1056.0,1243.0,960.0,562.0,332.0,3797.0,3238.0,474.0,7.0,9.0,94.0,2872.0,177.0,10.0
155,MERCEDES,BARRIO,COMUNA 12,16.0,1680.0,714.0,966.0,145.0,187.0,272.0,259.0,201.0,252.0,168.0,108.0,88.0,699.0,615.0,74.0,2.0,1.0,11.0,374.0,213.0,1.0
156,MINUTO DE DIOS,BARRIO,COMUNA 01,7.0,1458.0,722.0,736.0,211.0,206.0,284.0,251.0,163.0,190.0,89.0,49.0,15.0,484.0,442.0,22.0,23.0,378.0,9.0,4.0,3.0,0.0
157,MIRADOR NORTE,A. URBANO,COMUNA 02,25.0,1066.0,534.0,532.0,219.0,218.0,228.0,171.0,92.0,63.0,42.0,25.0,8.0,382.0,323.0,6.0,293.0,10.0,0.0,2.0,0.0,0.0
158,MIRADORES DEL KENNEDY,BARRIO,COMUNA 01,5.0,411.0,192.0,219.0,58.0,68.0,89.0,64.0,58.0,47.0,22.0,5.0,0.0,116.0,116.0,10.0,9.0,94.0,1.0,0.0,0.0,0.0
159,MIRAFLORES,BARRIO,COMUNA 14,49.0,3945.0,1894.0,2051.0,622.0,643.0,785.0,586.0,471.0,380.0,218.0,154.0,86.0,1247.0,1194.0,76.0,939.0,160.0,6.0,3.0,0.0,0.0
160,MIRAMAR,BARRIO,COMUNA 01,13.0,605.0,290.0,315.0,73.0,116.0,100.0,90.0,84.0,74.0,34.0,22.0,12.0,200.0,179.0,7.0,91.0,72.0,1.0,0.0,0.0,0.0
161,MODELO,BARRIO,COMUNA 03,22.0,1906.0,864.0,1042.0,251.0,247.0,363.0,319.0,268.0,215.0,128.0,81.0,34.0,888.0,648.0,181.0,3.0,16.0,562.0,7.0,1.0,0.0
162,MONTERREDONDO,BARRIO,COMUNA 17,31.0,4705.0,2212.0,2493.0,699.0,667.0,976.0,758.0,584.0,556.0,287.0,127.0,51.0,1535.0,1519.0,106.0,4.0,18.0,1334.0,2.0,0.0,0.0
163,MORRORICO,BARRIO,COMUNA 14,13.0,1542.0,750.0,792.0,246.0,236.0,302.0,233.0,203.0,136.0,114.0,49.0,23.0,536.0,494.0,16.0,460.0,21.0,3.0,0.0,0.0,0.0
164,MUTIS,BARRIO,COMUNA 17,46.0,7513.0,3474.0,4039.0,766.0,990.0,1301.0,1008.0,940.0,1149.0,585.0,408.0,366.0,2313.0,2358.0,157.0,3.0,11.0,2066.0,10.0,1.0,1.0
165,MUTUALIDAD,BARRIO,COMUNA 03,26.0,3581.0,1704.0,1877.0,361.0,485.0,810.0,514.0,454.0,466.0,248.0,159.0,84.0,1636.0,1382.0,252.0,16.0,33.0,1044.0,75.0,1.0,0.0
166,MANZANA 10,A. URBANO,COMUNA 08,14.0,509.0,248.0,261.0,76.0,86.0,100.0,77.0,63.0,52.0,26.0,22.0,7.0,158.0,165.0,6.0,132.0,13.0,1.0,0.0,0.0,0.0
167,MARUA AUXILIADORA,A. URBANO,COMUNA 04,1.0,42.0,21.0,21.0,9.0,3.0,11.0,3.0,4.0,5.0,6.0,0.0,1.0,20.0,12.0,2.0,8.0,1.0,0.0,0.0,0.0,0.0
168,MILAGRO DE DIOS,A. URBANO,COMUNA 04,6.0,658.0,329.0,329.0,109.0,139.0,141.0,98.0,78.0,54.0,25.0,9.0,5.0,223.0,206.0,6.0,166.0,0.0,0.0,0.0,0.0,0.0
169,MIRAMANGA,A. RURAL,COMUNA 14,10.0,452.0,224.0,228.0,85.0,84.0,89.0,77.0,65.0,22.0,15.0,10.0,5.0,135.0,124.0,11.0,114.0,4.0,0.0,0.0,0.0,0.0
170,MONEQUE,A. URBANO,COMUNA 02,1.0,65.0,29.0,36.0,8.0,13.0,11.0,4.0,8.0,8.0,9.0,2.0,2.0,23.0,20.0,3.0,18.0,1.0,1.0,0.0,0.0,0.0
171,NAPOLES,BARRIO,COMUNA 04,19.0,1062.0,543.0,519.0,184.0,190.0,191.0,145.0,143.0,100.0,58.0,29.0,22.0,277.0,309.0,4.0,192.0,28.0,4.0,1.0,0.0,0.0
172,NARINO,BARRIO,COMUNA 04,26.0,1716.0,879.0,837.0,254.0,245.0,341.0,216.0,218.0,182.0,129.0,93.0,38.0,464.0,561.0,20.0,179.0,202.0,12.0,1.0,0.0,0.0
173,NORTE BAJO,BARRIO,COMUNA 03,14.0,1216.0,594.0,622.0,161.0,156.0,227.0,170.0,164.0,152.0,101.0,51.0,34.0,400.0,419.0,15.0,12.0,293.0,47.0,0.0,0.0,0.0
174,NUEVA COLOMBIA,BARRIO,COMUNA 02,11.0,388.0,196.0,192.0,76.0,53.0,90.0,65.0,37.0,34.0,21.0,10.0,2.0,122.0,108.0,2.0,100.0,4.0,1.0,0.0,0.0,0.0
175,NUEVA FONTANA,BARRIO,COMUNA 10,6.0,456.0,195.0,261.0,38.0,61.0,71.0,62.0,66.0,78.0,51.0,23.0,6.0,156.0,146.0,9.0,0.0,0.0,27.0,111.0,0.0,0.0
176,NUEVA GRANADA,BARRIO,COMUNA 09,8.0,677.0,317.0,360.0,72.0,88.0,119.0,80.0,100.0,100.0,52.0,34.0,32.0,185.0,190.0,6.0,0.0,2.0,141.0,34.0,0.0,0.0
177,NUEVO SOTOMAYOR,BARRIO,COMUNA 12,19.0,2744.0,1195.0,1549.0,237.0,242.0,456.0,449.0,380.0,372.0,327.0,188.0,93.0,1317.0,1084.0,197.0,6.0,1.0,10.0,998.0,9.0,8.0
178,NOGAL I Y II,A. RURAL, ,16.0,857.0,423.0,434.0,171.0,159.0,159.0,121.0,112.0,66.0,34.0,26.0,9.0,266.0,252.0,23.0,234.0,0.0,1.0,0.0,0.0,0.0
179,NUEVO HORIZONTE DE LA MANO DE*,A. URBANO,COMUNA 02,15.0,781.0,368.0,413.0,177.0,166.0,156.0,104.0,87.0,53.0,27.0,6.0,5.0,224.0,217.0,8.0,183.0,25.0,1.0,0.0,0.0,0.0
180,OLAS ALTAS,BARRIO,COMUNA 01,3.0,313.0,161.0,152.0,37.0,49.0,57.0,49.0,39.0,34.0,22.0,17.0,9.0,89.0,100.0,2.0,12.0,64.0,0.0,0.0,0.0,0.0
181,OLAS BAJAS,BARRIO,COMUNA 01,9.0,957.0,468.0,489.0,131.0,164.0,162.0,122.0,125.0,112.0,65.0,39.0,37.0,251.0,319.0,11.0,70.0,161.0,1.0,0.0,0.0,0.0
182,OLAS II,BARRIO,COMUNA 02,6.0,717.0,334.0,383.0,114.0,127.0,122.0,123.0,67.0,71.0,52.0,28.0,13.0,236.0,209.0,7.0,189.0,13.0,0.0,0.0,0.0,0.0
183,OMAGA I,BARRIO,COMUNA 01,2.0,212.0,98.0,114.0,28.0,34.0,31.0,31.0,27.0,33.0,17.0,6.0,5.0,58.0,80.0,1.0,7.0,48.0,1.0,0.0,0.0,0.0
184,OMAGA II,BARRIO,COMUNA 01,7.0,632.0,298.0,334.0,105.0,113.0,128.0,90.0,75.0,68.0,21.0,22.0,10.0,204.0,193.0,16.0,142.0,25.0,0.0,0.0,0.0,0.0
185,PABLO VI,BARRIO,COMUNA 08,11.0,1532.0,723.0,809.0,221.0,227.0,278.0,208.0,186.0,206.0,90.0,72.0,44.0,447.0,464.0,26.0,8.0,383.0,25.0,1.0,0.0,0.0
186,PAISAJES NORTE,BARRIO,COMUNA 01,9.0,444.0,210.0,234.0,78.0,103.0,87.0,60.0,60.0,35.0,11.0,7.0,3.0,121.0,157.0,3.0,108.0,8.0,0.0,0.0,0.0,0.0
187,PAN DE AZUCAR,BARRIO,COMUNA 12,22.0,1502.0,704.0,798.0,110.0,144.0,187.0,183.0,203.0,269.0,208.0,125.0,73.0,614.0,541.0,53.0,0.0,2.0,1.0,190.0,71.0,263.0
188,PANTANO II,BARRIO,COMUNA 05,9.0,532.0,250.0,282.0,90.0,100.0,116.0,58.0,76.0,53.0,18.0,18.0,3.0,148.0,153.0,10.0,130.0,2.0,2.0,1.0,0.0,0.0
189,PANTANO III,BARRIO,COMUNA 05,1.0,72.0,41.0,31.0,15.0,8.0,15.0,17.0,7.0,3.0,7.0,0.0,0.0,15.0,20.0,0.0,13.0,1.0,0.0,0.0,0.0,0.0
190,PIO XII,BARRIO,COMUNA 04,17.0,1280.0,652.0,628.0,217.0,212.0,234.0,198.0,162.0,126.0,84.0,37.0,10.0,411.0,398.0,27.0,117.0,196.0,8.0,1.0,0.0,0.0
191,PORTO FINO,BARRIO,COMUNA 09,6.0,470.0,212.0,258.0,58.0,47.0,93.0,82.0,67.0,44.0,49.0,17.0,13.0,180.0,163.0,4.0,0.0,3.0,56.0,100.0,0.0,0.0
192,PRADOS MUTIS,BARRIO,COMUNA 17,2.0,1349.0,630.0,719.0,132.0,180.0,230.0,185.0,178.0,234.0,133.0,50.0,27.0,436.0,419.0,22.0,2.0,1.0,389.0,10.0,0.0,0.0
193,PROVENZA,BARRIO,COMUNA 10,93.0,12583.0,5754.0,6829.0,1237.0,1398.0,1979.0,1928.0,1571.0,1692.0,1409.0,882.0,487.0,4457.0,4082.0,353.0,29.0,54.0,335.0,3455.0,0.0,1.0
194,PUERTA DEL SOL,BARRIO,COMUNA 12,7.0,379.0,184.0,195.0,25.0,45.0,65.0,60.0,55.0,62.0,41.0,18.0,8.0,152.0,128.0,27.0,0.0,0.0,23.0,100.0,0.0,0.0
195,PUERTO RICO,BARRIO,COMUNA 03,9.0,528.0,260.0,268.0,77.0,109.0,101.0,89.0,65.0,51.0,18.0,15.0,3.0,177.0,153.0,11.0,120.0,20.0,1.0,2.0,0.0,0.0
196,PUNTA PARAISO,BARRIO,COMUNA 11,21.0,1769.0,848.0,921.0,337.0,291.0,408.0,307.0,185.0,142.0,61.0,29.0,9.0,692.0,525.0,127.0,103.0,386.0,3.0,0.0,0.0,0.0
197,PANTANO SANTANDER,A. URBANO,COMUNA 04,1.0,53.0,31.0,22.0,7.0,7.0,10.0,6.0,10.0,2.0,6.0,5.0,0.0,15.0,17.0,0.0,14.0,0.0,1.0,0.0,0.0,0.0
198,PORDEFINIR,BARRIO,COMUNA 04,126.0,24674.0,11226.0,13448.0,2343.0,3165.0,4501.0,3575.0,3165.0,3549.0,2594.0,1239.0,543.0,8734.0,8724.0,643.0,33.0,26.0,1263.0,6463.0,3.0,2.0
199,PORTAL DE LOS ANGELES ASOVIPO*,A. URBANO,COMUNA 01,12.0,536.0,269.0,267.0,89.0,89.0,132.0,99.0,63.0,28.0,20.0,12.0,4.0,195.0,170.0,20.0,150.0,0.0,0.0,1.0,0.0,0.0
200,PORVENIR,A. RURAL,COMUNA 02,21.0,992.0,498.0,494.0,171.0,196.0,197.0,180.0,113.0,77.0,38.0,16.0,4.0,408.0,288.0,72.0,214.0,34.0,0.0,0.0,0.0,0.0
201,PUENTE NARIOO,A. URBANO,COMUNA 01,1.0,140.0,68.0,72.0,34.0,31.0,21.0,23.0,12.0,13.0,3.0,2.0,1.0,44.0,42.0,1.0,34.0,1.0,0.0,0.0,0.0,0.0
202,QUEBRADA LA IGLESIA,BARRIO,COMUNA 09,17.0,1224.0,595.0,629.0,158.0,190.0,222.0,199.0,168.0,132.0,88.0,45.0,22.0,414.0,354.0,35.0,5.0,301.0,2.0,0.0,3.0,0.0
203,QUEBRADA LA IGLESIA I,BARRIO,COMUNA 17,9.0,122.0,66.0,56.0,23.0,10.0,27.0,12.0,21.0,18.0,8.0,0.0,3.0,34.0,32.0,1.0,18.0,9.0,5.0,0.0,0.0,0.0
204,QUEBRADA LA IGLESIA II,BARRIO,COMUNA 08,2.0,0.0,0.0,0.0,0.0,0.0,0.0,0.0,0.0,0.0,0.0,0.0,0.0,0.0,0.0,0.0,0.0,0.0,0.0,0.0,0.0,0.0
205,QUINTA DANIA,BARRIO,COMUNA 13,5.0,507.0,223.0,284.0,50.0,39.0,90.0,90.0,55.0,65.0,58.0,43.0,17.0,238.0,188.0,55.0,0.0,2.0,30.0,121.0,1.0,0.0
206,QUINTA ESTRELLA,BARRIO,COMUNA 05,38.0,1761.0,859.0,902.0,223.0,264.0,350.0,269.0,235.0,248.0,106.0,44.0,22.0,562.0,499.0,32.0,2.0,23.0,456.0,2.0,1.0,0.0
207,QUINTQ BRIGADA,BARRIO,COMUNA 13,4.0,1214.0,583.0,631.0,134.0,148.0,239.0,241.0,155.0,128.0,99.0,47.0,23.0,513.0,449.0,66.0,18.0,15.0,158.0,223.0,0.0,0.0
208,REGADERO NORTE,BARRIO,COMUNA 02,19.0,2213.0,1074.0,1139.0,323.0,339.0,409.0,326.0,300.0,249.0,136.0,92.0,39.0,876.0,699.0,117.0,291.0,359.0,18.0,4.0,0.0,0.0
209,RICAURTE,BARRIO,COMUNA 06,25.0,2471.0,1174.0,1297.0,269.0,325.0,445.0,441.0,328.0,315.0,168.0,110.0,70.0,878.0,881.0,105.0,7.0,7.0,530.0,181.0,0.0,2.0
210,RINCON DE LA PAZ (17ENE-12FEB),BARRIO,COMUNA 05,21.0,1083.0,538.0,545.0,218.0,203.0,221.0,167.0,116.0,87.0,46.0,15.0,10.0,297.0,318.0,4.0,274.0,1.0,1.0,0.0,0.0,0.0
211,RIO DE ORO I,BARRIO,COMUNA 04,18.0,43.0,20.0,23.0,11.0,7.0,8.0,8.0,3.0,3.0,3.0,0.0,0.0,14.0,15.0,0.0,10.0,0.0,0.0,0.0,0.0,0.0
212,ROBLES,BARRIO,COMUNA 11,1.0,237.0,118.0,119.0,27.0,35.0,32.0,44.0,28.0,36.0,17.0,10.0,8.0,69.0,66.0,2.0,0.0,14.0,46.0,2.0,0.0,0.0
213,ROSALTA,BARRIO,COMUNA 01,3.0,360.0,168.0,192.0,66.0,77.0,58.0,57.0,44.0,29.0,15.0,7.0,7.0,134.0,115.0,18.0,106.0,1.0,1.0,0.0,0.0,0.0
214,ROO DE ORO,A. URBANO,COMUNA 01,3.0,808.0,409.0,399.0,210.0,170.0,143.0,126.0,63.0,51.0,29.0,13.0,3.0,254.0,239.0,4.0,199.0,3.0,1.0,0.0,0.0,0.0
215,SAN ALONSO,BARRIO,COMUNA 13,60.0,12396.0,5497.0,6899.0,1160.0,1382.0,2406.0,1949.0,1524.0,1658.0,1217.0,649.0,451.0,5495.0,4744.0,852.0,18.0,19.0,162.0,4042.0,7.0,2.0
216,SAN CRISTOBAL,BARRIO,COMUNA 02,23.0,835.0,404.0,431.0,123.0,115.0,146.0,115.0,110.0,98.0,59.0,35.0,34.0,281.0,255.0,15.0,67.0,177.0,2.0,1.0,0.0,0.0
217,SAN EXPEDITO,BARRIO,COMUNA 16,10.0,632.0,309.0,323.0,99.0,109.0,95.0,112.0,83.0,69.0,24.0,28.0,13.0,201.0,175.0,23.0,6.0,158.0,2.0,0.0,0.0,0.0
218,SAN FRANCISCO,BARRIO,COMUNA 03,115.0,14797.0,6864.0,7933.0,1564.0,1766.0,3006.0,2524.0,1894.0,1873.0,1215.0,571.0,384.0,6758.0,5778.0,1090.0,60.0,138.0,1419.0,3533.0,15.0,4.0
219,SAN GERARDO,BARRIO,COMUNA 08,4.0,504.0,253.0,251.0,65.0,68.0,92.0,84.0,64.0,57.0,31.0,29.0,14.0,155.0,167.0,5.0,4.0,139.0,2.0,0.0,0.0,0.0
220,SAN LUIS,BARRIO,COMUNA 10,23.0,1745.0,771.0,974.0,147.0,192.0,271.0,234.0,244.0,245.0,232.0,116.0,64.0,536.0,502.0,29.0,8.0,1.0,421.0,57.0,0.0,0.0
221,SAN MARTIN,BARRIO,COMUNA 09,23.0,3151.0,1566.0,1585.0,424.0,454.0,652.0,577.0,386.0,343.0,170.0,90.0,55.0,1173.0,1075.0,69.0,27.0,446.0,517.0,8.0,2.0,0.0
222,SAN MIGUEL,BARRIO,COMUNA 06,24.0,3784.0,1760.0,2024.0,431.0,471.0,713.0,516.0,495.0,506.0,334.0,181.0,137.0,1224.0,1309.0,96.0,5.0,10.0,1069.0,4.0,1.0,1.0
223,SAN PEDRO CLAVER,BARRIO,COMUNA 09,14.0,784.0,397.0,387.0,106.0,116.0,168.0,104.0,97.0,96.0,42.0,36.0,19.0,277.0,230.0,22.0,13.0,200.0,3.0,0.0,1.0,0.0
224,SAN RAFAEL,BARRIO,COMUNA 03,16.0,1743.0,832.0,911.0,237.0,256.0,334.0,237.0,226.0,214.0,122.0,67.0,50.0,570.0,616.0,24.0,34.0,411.0,36.0,11.0,1.0,3.0
225,SAN VALENTIN,BARRIO,COMUNA 01,7.0,569.0,276.0,293.0,112.0,102.0,128.0,61.0,66.0,59.0,28.0,9.0,4.0,186.0,196.0,13.0,133.0,22.0,2.0,0.0,0.0,0.0
226,SANTA MARIA,BARRIO,COMUNA 11,3.0,303.0,142.0,161.0,41.0,40.0,61.0,41.0,44.0,43.0,20.0,9.0,4.0,115.0,90.0,12.0,0.0,27.0,63.0,0.0,0.0,0.0
227,SANTANDER,BARRIO,COMUNA 04,21.0,2253.0,1067.0,1186.0,248.0,292.0,366.0,282.0,277.0,371.0,222.0,115.0,80.0,700.0,693.0,27.0,5.0,58.0,496.0,0.0,0.0,0.0
228,SOTOMAYOR,BARRIO,COMUNA 12,31.0,5432.0,2338.0,3094.0,368.0,437.0,679.0,706.0,645.0,809.0,894.0,519.0,375.0,2663.0,2279.0,365.0,12.0,11.0,15.0,111.0,762.0,1311.0
229,SAN GERARDO I,A. URBANO,COMUNA 08,3.0,635.0,306.0,329.0,98.0,94.0,143.0,101.0,82.0,56.0,34.0,14.0,13.0,174.0,183.0,7.0,44.0,76.0,42.0,1.0,0.0,0.0
230,SAN GERARDO II,A. URBANO,COMUNA 08,4.0,821.0,406.0,415.0,94.0,127.0,151.0,100.0,107.0,114.0,61.0,45.0,22.0,229.0,248.0,9.0,2.0,204.0,5.0,0.0,0.0,0.0
231,SANTA BARBARA,A. RURAL,COMUNA 16,4.0,135.0,66.0,69.0,13.0,21.0,25.0,19.0,25.0,10.0,13.0,4.0,5.0,50.0,44.0,2.0,1.0,29.0,8.0,1.0,0.0,0.0
232,TEJAR NORTE,BARRIO,COMUNA 01,13.0,918.0,445.0,473.0,138.0,134.0,191.0,150.0,108.0,117.0,43.0,21.0,16.0,313.0,310.0,16.0,27.0,245.0,4.0,0.0,0.0,0.0
233,TEJARCITO,BARRIO,COMUNA 01,3.0,160.0,82.0,78.0,35.0,25.0,31.0,23.0,18.0,9.0,11.0,8.0,0.0,53.0,45.0,7.0,36.0,6.0,0.0,0.0,0.0,0.0
234,TERRAZAS,BARRIO,COMUNA 12,14.0,1285.0,575.0,710.0,96.0,127.0,215.0,150.0,182.0,223.0,152.0,95.0,45.0,680.0,509.0,103.0,1.0,1.0,5.0,382.0,101.0,0.0
235,TOLEDO PLATA,BARRIO,COMUNA 11,12.0,1020.0,461.0,559.0,122.0,129.0,173.0,177.0,104.0,129.0,117.0,44.0,25.0,318.0,316.0,18.0,13.0,131.0,142.0,0.0,0.0,0.0
236,TRANSICION,BARRIO,COMUNA 02,115.0,4445.0,2222.0,2223.0,778.0,787.0,822.0,684.0,510.0,394.0,267.0,135.0,68.0,1433.0,1313.0,62.0,1206.0,35.0,4.0,2.0,0.0,1.0
237,UNIVERSIDAD,BARRIO,COMUNA 02,38.0,4121.0,1913.0,2208.0,340.0,476.0,1059.0,619.0,449.0,501.0,355.0,202.0,120.0,2069.0,1657.0,287.0,59.0,25.0,331.0,1045.0,5.0,2.0
238,VEGAS DE MORRORRICO,BARRIO,COMUNA 14,3.0,363.0,172.0,191.0,51.0,66.0,61.0,53.0,66.0,27.0,16.0,12.0,11.0,143.0,109.0,15.0,100.0,6.0,0.0,1.0,0.0,0.0
239,VENADO DE ORO,BARRIO,COMUNA 14,10.0,497.0,245.0,252.0,81.0,106.0,91.0,90.0,58.0,48.0,15.0,8.0,0.0,153.0,139.0,5.0,91.0,47.0,0.0,0.0,0.0,0.0
240,VILLA ALEGRIA I,BARRIO,COMUNA 01,3.0,321.0,153.0,168.0,58.0,45.0,80.0,55.0,29.0,32.0,15.0,5.0,2.0,87.0,106.0,5.0,72.0,5.0,1.0,0.0,0.0,0.0
241,VILLA ALEGRIA II,BARRIO,COMUNA 01,7.0,711.0,356.0,355.0,117.0,124.0,169.0,108.0,62.0,76.0,36.0,8.0,11.0,214.0,219.0,13.0,161.0,29.0,1.0,0.0,0.0,0.0
242,VILLA ALICIA,BARRIO,COMUNA 11,4.0,472.0,208.0,264.0,47.0,43.0,104.0,52.0,54.0,68.0,56.0,34.0,14.0,159.0,148.0,9.0,0.0,7.0,134.0,1.0,0.0,0.0
243,VILLA DEL NOGAL,BARRIO,COMUNA 11,7.0,213.0,101.0,112.0,39.0,37.0,48.0,35.0,25.0,17.0,9.0,3.0,0.0,88.0,71.0,12.0,44.0,15.0,0.0,0.0,0.0,0.0
244,VILLA DIAMANTE,BARRIO,COMUNA 09,6.0,1605.0,737.0,868.0,136.0,200.0,266.0,215.0,201.0,250.0,178.0,102.0,57.0,621.0,563.0,43.0,0.0,0.0,27.0,517.0,0.0,0.0
245,VILLA FLOR,BARRIO,COMUNA 11,1.0,535.0,246.0,289.0,74.0,69.0,89.0,106.0,69.0,55.0,48.0,19.0,6.0,179.0,165.0,11.0,4.0,28.0,123.0,0.0,0.0,0.0
246,VILLA HELENA I,BARRIO,COMUNA 02,25.0,1393.0,693.0,700.0,270.0,254.0,256.0,216.0,144.0,102.0,102.0,36.0,13.0,448.0,409.0,17.0,309.0,83.0,5.0,0.0,0.0,0.0
247,VILLA HELENA II,BARRIO,COMUNA 02,11.0,756.0,377.0,379.0,116.0,106.0,121.0,116.0,82.0,95.0,69.0,37.0,14.0,243.0,226.0,5.0,103.0,107.0,3.0,0.0,0.0,0.0
248,VILLA INES,BARRIO,COMUNA 09,15.0,1271.0,564.0,707.0,142.0,180.0,202.0,199.0,167.0,163.0,114.0,66.0,38.0,407.0,385.0,28.0,1.0,11.0,270.0,87.0,0.0,0.0
249,VILLA MARIA I (MEDIA),BARRIO,COMUNA 01,1.0,192.0,90.0,102.0,36.0,24.0,49.0,23.0,26.0,12.0,12.0,7.0,3.0,64.0,61.0,4.0,48.0,6.0,0.0,0.0,0.0,0.0
250,VILLA MARIA II (ALTA),BARRIO,COMUNA 01,1.0,385.0,189.0,196.0,73.0,58.0,83.0,60.0,44.0,35.0,22.0,6.0,4.0,118.0,142.0,7.0,109.0,0.0,0.0,0.0,0.0,0.0
251,VILLA MARIA III (BAJA),BARRIO,COMUNA 01,3.0,160.0,70.0,90.0,45.0,35.0,28.0,25.0,14.0,6.0,4.0,3.0,0.0,48.0,47.0,2.0,40.0,1.0,0.0,0.0,0.0,0.0
252,VILLA MERCEDES,BARRIO,COMUNA 02,14.0,1002.0,517.0,485.0,176.0,186.0,195.0,160.0,117.0,76.0,58.0,24.0,10.0,322.0,286.0,12.0,254.0,12.0,7.0,0.0,0.0,0.0
253,VILLA REAL DEL SUR,BARRIO,COMUNA 11,8.0,705.0,341.0,364.0,128.0,136.0,157.0,109.0,82.0,55.0,19.0,13.0,6.0,245.0,202.0,29.0,127.0,53.0,4.0,0.0,0.0,0.0
254,VILLA ROSA,BARRIO,COMUNA 01,48.0,5704.0,2779.0,2925.0,798.0,991.0,962.0,921.0,690.0,576.0,500.0,192.0,74.0,1723.0,1807.0,47.0,535.0,1002.0,3.0,0.0,0.0,0.0
255,VILLA SARA,BARRIO,COMUNA 11,3.0,300.0,138.0,162.0,30.0,42.0,57.0,42.0,47.0,35.0,27.0,15.0,5.0,90.0,91.0,3.0,1.0,13.0,62.0,1.0,0.0,0.0
256,VILLAS DE SAN IGNACIO,BARRIO,COMUNA 01,123.0,13010.0,6356.0,6654.0,2299.0,2776.0,2328.0,1847.0,1617.0,1113.0,611.0,298.0,121.0,4089.0,3934.0,202.0,2137.0,1276.0,41.0,2.0,0.0,1.0
257,VIVEROS DE PROVENZA,BARRIO,COMUNA 10,11.0,815.0,392.0,423.0,124.0,124.0,215.0,127.0,102.0,82.0,24.0,11.0,6.0,260.0,235.0,20.0,21.0,148.0,35.0,17.0,0.0,0.0
258,VIJAGUAL,A. RURAL, ,3.0,126.0,68.0,58.0,22.0,21.0,26.0,18.0,20.0,7.0,6.0,4.0,2.0,35.0,33.0,4.0,30.0,1.0,0.0,0.0,0.0,0.0
259,VILLA LINA,A. RURAL,COMUNA 01,10.0,405.0,204.0,201.0,63.0,84.0,86.0,53.0,53.0,39.0,20.0,5.0,2.0,164.0,157.0,8.0,134.0,2.0,0.0,1.0,0.0,0.0
260,VILLA LUZ,A. RURAL, ,13.0,495.0,248.0,247.0,102.0,88.0,99.0,74.0,74.0,28.0,21.0,7.0,2.0,168.0,145.0,27.0,131.0,5.0,0.0,0.0,0.0,0.0
261,VILLAS DE GIRARDOT,A. URBANO,COMUNA 04,23.0,848.0,409.0,439.0,158.0,193.0,163.0,116.0,101.0,59.0,38.0,14.0,6.0,424.0,258.0,41.0,189.0,5.0,0.0,0.0,0.0,0.0
262,ZARABANDA,A. URBANO,COMUNA 04,5.0,471.0,225.0,246.0,114.0,84.0,95.0,84.0,41.0,23.0,25.0,3.0,2.0,137.0,136.0,5.0,95.0,0.0,2.0,0.0,0.0,0.0
